purchase_id,user_id,date,shop_id,product_id,quantity,sales amount
1,733995,2018/1/1,2,10,1,12775
2,765045,2018/1/1,1,13,4,11600
3,876530,2018/1/1,2,19,3,4845
4,952532,2018/1/1,1,15,1,3860
5,954272,2018/1/1,2,6,1,5500
6,954830,2018/1/1,1,17,3,15488
7,636140,2018/1/2,1,16,2,8400
8,645110,2018/1/2,1,9,1,11200
9,954997,2018/1/2,1,18,2,10400
10,955140,2018/1/2,1,11,2,7527
11,638172,2018/1/3,2,10,1,14600
12,817805,2018/1/3,1,7,5,37635
13,877132,2018/1/3,2,15,2,7000
14,955720,2018/1/3,3,7,2,15054
15,955990,2018/1/3,1,6,2,9625
16,724447,2018/1/4,1,17,1,5694
17,956155,2018/1/4,2,1,1,19000
18,956280,2018/1/4,1,18,2,12545
19,956715,2018/1/4,2,9,2,21760
20,740252,2018/1/5,1,13,2,4930
21,949030,2018/1/5,1,13,3,8396
22,956425,2018/1/5,2,1,3,59400
23,956882,2018/1/5,4,8,1,8492
24,883800,2018/1/6,2,14,2,6176
25,957005,2018/1/6,1,6,3,16500
26,957440,2018/1/6,2,11,2,7527
27,957460,2018/1/6,3,1,1,17325
28,675725,2018/1/7,1,17,3,17700
29,694990,2018/1/7,1,6,2,9625
30,957585,2018/1/7,2,5,3,13896
31,873505,2018/1/8,2,18,5,32500
32,942650,2018/1/8,3,3,1,12950
33,957170,2018/1/8,1,12,2,9000
34,957315,2018/1/8,3,17,3,15488
35,957750,2018/1/8,3,3,3,42846
36,958165,2018/1/8,3,12,2,8685
37,958310,2018/1/9,1,13,2,5597
38,957750,2018/1/10,2,3,2,25900
39,958475,2018/1/10,2,17,1,5900
40,958912,2018/1/10,2,20,5,8750
41,497520,2018/1/11,3,7,3,20475
42,871332,2018/1/11,1,13,1,2900
43,958765,2018/1/11,1,2,2,32900
44,959200,2018/1/11,1,19,2,3667
45,753880,2018/1/12,1,11,1,3900
46,930057,2018/1/12,1,17,2,11800
47,959325,2018/1/12,1,16,1,4200
48,959347,2018/1/12,2,13,5,13993
49,959615,2018/1/12,1,2,1,18800
50,959635,2018/1/12,1,2,3,54426
51,959905,2018/1/13,3,11,5,17063
52,652505,2018/1/14,2,16,3,11025
53,655425,2018/1/14,2,13,2,5800
54,943975,2018/1/14,2,6,1,5308
55,960050,2018/1/14,1,3,1,14800
56,960070,2018/1/14,1,13,4,11194
57,960072,2018/1/14,1,2,2,36284
58,724447,2018/1/15,3,10,4,51100
59,804195,2018/1/15,3,3,1,14800
60,956425,2018/1/15,2,13,2,5075
61,959635,2018/1/15,2,15,2,5600
62,960797,2018/1/15,1,4,4,62400
63,901055,2018/1/16,1,19,5,9168
64,921770,2018/1/16,1,12,3,13028
65,931920,2018/1/16,3,16,3,12159
66,959635,2018/1/16,1,14,2,6400
67,960217,2018/1/16,2,14,1,3088
68,960920,2018/1/16,1,13,2,5800
69,698345,2018/1/17,1,17,3,17081
70,932087,2018/1/17,2,16,2,7350
71,961230,2018/1/17,3,18,3,18818
72,961232,2018/1/17,3,16,1,3570
73,961790,2018/1/17,1,16,1,4200
74,859130,2018/1/18,1,4,5,68250
75,882185,2018/1/18,2,4,3,45162
76,961522,2018/1/18,1,2,2,36284
77,961955,2018/1/18,1,15,4,13600
78,628000,2018/1/19,2,1,1,16830
79,961087,2018/1/19,1,6,1,5308
80,961667,2018/1/19,2,18,1,6273
81,961790,2018/1/19,2,13,2,4060
82,961955,2018/1/19,1,11,2,7527
83,962100,2018/1/19,2,13,2,5075
84,962102,2018/1/19,3,16,4,16800
85,962535,2018/1/19,2,3,4,51800
86,926700,2018/1/20,4,18,4,25090
87,962660,2018/1/20,2,16,1,3675
88,962805,2018/1/20,2,14,2,6176
89,817805,2018/1/21,1,10,1,14600
90,841005,2018/1/21,3,4,1,13650
91,962970,2018/1/21,2,11,1,3900
92,963262,2018/1/21,3,13,1,2799
93,963385,2018/1/21,1,11,4,15600
94,664705,2018/1/22,3,9,1,12352
95,701390,2018/1/22,1,19,1,1663
96,963240,2018/1/22,2,15,3,12000
97,963552,2018/1/22,2,2,3,54000
98,963985,2018/1/23,2,20,3,5100
99,964132,2018/1/23,2,6,4,21230
100,750835,2018/1/24,2,18,4,25090
101,964690,2018/1/24,1,4,4,62400
102,873505,2018/1/25,3,7,1,7800
103,964855,2018/1/25,2,14,1,3200
104,964980,2018/1/25,2,19,3,5501
105,747770,2018/1/26,1,11,3,11291
106,798230,2018/1/26,3,18,1,5525
107,848420,2018/1/26,1,1,1,17325
108,894945,2018/1/26,1,4,2,31200
109,908160,2018/1/26,2,7,2,15054
110,959057,2018/1/26,2,13,1,2538
111,963552,2018/1/26,1,20,3,4800
112,963820,2018/1/26,3,13,1,2900
113,965705,2018/1/26,3,19,4,7600
114,828680,2018/1/27,3,18,2,13000
115,957315,2018/1/27,2,13,1,2799
116,962515,2018/1/27,1,13,2,5597
117,962825,2018/1/27,1,12,1,4343
118,966285,2018/1/27,1,5,2,9600
119,966307,2018/1/27,3,14,3,8400
120,966597,2018/1/27,1,8,2,15400
121,766205,2018/1/28,2,12,2,9000
122,957317,2018/1/28,1,16,1,3360
123,963552,2018/1/28,3,17,1,5163
124,966720,2018/1/28,1,5,3,12600
125,966885,2018/1/28,1,5,1,4632
126,620895,2018/1/29,2,20,1,1700
127,963240,2018/1/29,1,8,2,14960
128,967322,2018/1/29,4,10,3,43800
129,736045,2018/1/30,2,16,2,8400
130,960217,2018/1/30,1,17,1,5694
131,967465,2018/1/30,2,10,2,28178
132,640637,2018/1/31,1,15,4,13600
133,814200,2018/1/31,2,9,2,22400
134,871185,2018/1/31,2,17,2,11387
135,963240,2018/1/31,2,18,1,6273
136,965705,2018/1/31,3,17,2,11387
137,968482,2018/1/31,2,10,3,43800
138,813767,2018/2/1,3,16,2,8106
139,933245,2018/2/1,1,6,1,5500
140,958745,2018/2/1,1,16,5,18375
141,961522,2018/2/1,2,20,3,5790
142,967880,2018/2/1,2,13,1,2465
143,968025,2018/2/1,2,14,1,3088
144,968047,2018/2/1,3,13,1,2465
145,968605,2018/2/1,2,14,2,6176
146,744725,2018/2/2,3,1,1,15840
147,968192,2018/2/2,2,14,2,6400
148,968772,2018/2/2,1,8,1,8492
149,636140,2018/2/3,2,9,2,25600
150,818985,2018/2/3,1,14,3,9264
151,968025,2018/2/3,2,12,4,17370
152,969040,2018/2/3,1,12,2,8685
153,969060,2018/2/3,1,13,1,2900
154,939895,2018/2/4,2,4,1,15054
155,952530,2018/2/4,2,2,2,36284
156,969185,2018/2/4,1,15,1,3860
157,968337,2018/2/5,3,14,3,8400
158,969495,2018/2/5,3,12,3,11475
159,813767,2018/2/7,2,7,1,6825
160,970655,2018/2/8,1,9,2,25600
161,970800,2018/2/8,3,19,1,1663
162,971960,2018/2/8,2,18,1,6273
163,972665,2018/2/8,2,15,1,3860
164,897120,2018/2/9,3,10,1,14600
165,968482,2018/2/9,2,8,4,33968
166,972230,2018/2/9,1,6,1,5500
167,946297,2018/2/10,2,15,3,10500
168,972375,2018/2/10,1,16,3,12600
169,972397,2018/2/10,3,19,1,1663
170,972975,2018/2/10,2,3,3,42000
171,911930,2018/2/11,4,12,3,11813
172,951662,2018/2/11,1,16,2,8400
173,973412,2018/2/11,1,20,5,9650
174,883925,2018/2/12,1,9,1,11200
175,973555,2018/2/12,1,12,2,8685
176,974260,2018/2/12,2,14,2,5600
177,974280,2018/2/12,1,5,2,9264
178,974282,2018/2/12,2,20,1,1930
179,968025,2018/2/16,2,20,2,3500
180,971235,2018/2/17,2,18,3,17063
181,975585,2018/2/17,2,11,1,3900
182,715165,2018/2/18,3,6,2,11000
183,968025,2018/2/18,1,7,3,23400
184,972665,2018/2/18,1,11,1,3315
185,975130,2018/2/18,1,10,3,42267
186,963552,2018/2/19,1,11,3,11700
187,946297,2018/2/20,3,20,4,7720
188,975877,2018/2/22,2,2,1,18142
189,976000,2018/2/22,5,6,3,16500
190,976020,2018/2/22,1,1,4,67320
191,847820,2018/2/23,1,18,3,18818
192,864080,2018/2/23,1,1,1,19800
193,924400,2018/2/23,1,4,5,75270
194,945115,2018/2/23,1,2,2,32900
195,946732,2018/2/23,3,14,3,9264
196,966430,2018/2/23,2,19,3,4988
197,977015,2018/2/23,1,4,2,31200
198,688755,2018/2/24,2,1,2,39600
199,977160,2018/2/24,2,9,3,33600
200,977762,2018/2/24,2,9,5,61760
201,833052,2018/2/26,3,19,1,1834
202,884090,2018/2/26,1,8,2,16984
203,963552,2018/2/26,2,9,5,54400
204,974135,2018/2/27,4,11,3,11700
205,959345,2018/2/28,2,15,5,20000
206,977615,2018/2/28,5,6,4,22000
207,916550,2018/3/1,1,7,1,7527
208,978485,2018/3/1,1,6,1,4813
209,978632,2018/3/2,1,17,2,10325
210,979335,2018/3/2,1,14,4,12352
211,859130,2018/3/3,2,4,3,40950
212,950065,2018/3/3,2,1,1,17325
213,979357,2018/3/3,1,15,1,4000
214,976020,2018/3/4,3,19,5,7600
215,979500,2018/3/4,2,17,1,5900
216,979645,2018/3/5,1,17,4,23600
217,979770,2018/3/6,2,6,1,5500
218,933245,2018/3/7,1,4,4,62400
219,949052,2018/3/7,1,10,1,14600
220,979935,2018/3/7,2,8,5,44000
221,765770,2018/3/8,2,19,1,1663
222,965560,2018/3/8,3,20,2,3500
223,839990,2018/3/9,1,12,1,3938
224,980080,2018/3/9,1,9,2,20480
225,980785,2018/3/9,1,15,3,11580
226,980227,2018/3/10,1,12,2,7875
227,980952,2018/3/10,1,12,1,4343
228,675725,2018/3/11,1,12,1,3600
229,883800,2018/3/11,1,14,1,3200
230,972375,2018/3/11,2,11,1,3900
231,980372,2018/3/11,1,13,1,2538
232,667315,2018/3/12,1,5,4,19200
233,908307,2018/3/12,3,10,5,73000
234,980080,2018/3/13,1,14,3,9264
235,981385,2018/3/14,2,16,1,3360
236,981510,2018/3/14,1,16,1,4053
237,982090,2018/3/14,1,4,3,45162
238,982110,2018/3/14,1,10,3,42267
239,529565,2018/3/15,3,15,1,3860
240,870170,2018/3/15,1,16,1,4053
241,979915,2018/3/15,3,20,2,3500
242,982255,2018/3/15,3,8,3,25476
243,982402,2018/3/15,1,9,3,38400
244,908160,2018/3/16,2,14,2,6400
245,980785,2018/3/16,1,10,1,14600
246,981967,2018/3/16,1,16,3,10080
247,946732,2018/3/17,3,10,3,43800
248,966430,2018/3/17,2,11,2,7800
249,978755,2018/3/17,2,16,1,4053
250,979915,2018/3/17,1,11,1,3900
251,982815,2018/3/17,2,16,2,8106
252,982835,2018/3/17,1,10,1,14089
253,863625,2018/3/18,3,12,5,21713
254,975130,2018/3/18,2,15,4,15440
255,983125,2018/3/18,1,12,1,4343
256,983540,2018/3/18,2,9,1,12352
257,983562,2018/3/18,2,20,3,5790
258,983705,2018/3/18,2,7,1,7527
259,680200,2018/3/19,2,13,1,2465
260,925272,2018/3/19,1,18,4,25090
261,983850,2018/3/19,1,16,2,8400
262,690785,2018/3/20,1,9,1,12800
263,984285,2018/3/20,1,13,3,8700
264,985010,2018/3/21,1,19,2,3667
265,680200,2018/3/22,2,3,1,14800
266,831602,2018/3/22,3,19,3,5700
267,980952,2018/3/22,3,7,3,22581
268,984577,2018/3/22,2,14,3,9264
269,985135,2018/3/22,1,14,1,2800
270,908160,2018/3/23,2,13,2,5800
271,947745,2018/3/23,4,11,2,6630
272,984865,2018/3/23,2,14,1,2800
273,921625,2018/3/24,1,7,2,15600
274,985302,2018/3/24,2,16,1,3675
275,985880,2018/3/24,2,18,2,12545
276,985882,2018/3/24,1,17,1,5694
277,849725,2018/3/25,3,14,1,2720
278,986027,2018/3/25,2,4,2,30108
279,986150,2018/3/25,2,11,3,9945
280,986752,2018/3/25,1,4,2,27300
281,986315,2018/3/26,4,16,3,12600
282,675435,2018/3/27,2,4,2,30108
283,762872,2018/3/27,2,19,3,5501
284,932935,2018/3/27,2,9,2,25600
285,987187,2018/3/27,3,14,1,3200
286,987890,2018/3/27,3,2,4,72568
287,987912,2018/3/27,1,13,2,4930
288,988200,2018/3/28,2,9,1,10880
289,927860,2018/3/29,2,10,2,29200
290,715870,2018/3/30,4,2,1,16450
291,816790,2018/3/30,3,4,1,15054
292,848132,2018/3/30,2,7,1,6630
293,987745,2018/3/30,1,12,1,4343
294,988492,2018/3/30,2,16,2,7350
295,870317,2018/3/31,2,10,2,28178
296,989360,2018/3/31,2,19,3,5700
297,633967,2018/4/1,1,9,1,11200
298,987187,2018/4/1,1,8,4,30800
299,988760,2018/4/1,3,6,2,9625
300,988782,2018/4/1,1,17,3,17081
301,989505,2018/4/1,2,19,2,2660
302,989630,2018/4/2,3,17,4,23600
303,989650,2018/4/2,2,16,2,8106
304,926700,2018/4/3,1,11,3,11700
305,932087,2018/4/3,1,10,4,56356
306,988760,2018/4/3,1,12,1,4343
307,989070,2018/4/3,1,8,1,8492
308,932355,2018/4/4,1,6,2,9625
309,980517,2018/4/4,2,15,1,3860
310,989650,2018/4/4,1,11,3,10238
311,989920,2018/4/4,2,10,1,14089
312,817827,2018/4/5,2,13,1,2900
313,989217,2018/4/5,1,16,1,4053
314,950357,2018/4/6,1,16,1,3570
315,963552,2018/4/6,3,15,2,8000
316,964277,2018/4/6,3,12,1,4500
317,969040,2018/4/6,1,4,2,30000
318,989072,2018/4/6,4,7,4,26520
319,990230,2018/4/6,2,11,4,15600
320,990957,2018/4/7,1,11,2,6825
321,991102,2018/4/7,1,6,2,10615
322,714565,2018/4/8,1,10,2,25550
323,865095,2018/4/8,1,18,1,6500
324,867685,2018/4/8,4,12,3,13500
325,980372,2018/4/8,1,10,1,12775
326,980785,2018/4/8,1,15,1,3860
327,990645,2018/4/8,1,5,2,9264
328,991247,2018/4/8,1,20,2,4000
329,661205,2018/4/9,2,1,2,39600
330,991390,2018/4/9,1,16,5,20265
331,991537,2018/4/9,2,1,1,17325
332,987890,2018/4/10,1,1,1,17325
333,989195,2018/4/10,1,17,2,11800
334,672392,2018/4/11,1,12,1,3825
335,863625,2018/4/11,3,3,1,12580
336,992405,2018/4/11,1,9,3,33600
337,992530,2018/4/11,2,11,1,3764
338,681090,2018/4/12,1,18,2,12545
339,865095,2018/4/12,3,16,3,12600
340,907145,2018/4/12,1,3,2,29600
341,980372,2018/4/12,3,17,4,22774
342,992115,2018/4/12,2,19,3,4988
343,817827,2018/4/13,3,20,2,3500
344,863625,2018/4/13,1,4,3,46800
345,992842,2018/4/13,1,6,1,5500
346,602792,2018/4/14,2,3,5,64750
347,924400,2018/4/14,1,4,1,15054
348,993835,2018/4/14,3,3,4,51800
349,907145,2018/4/15,2,18,2,11375
350,931195,2018/4/15,3,9,5,61760
351,993710,2018/4/15,1,13,2,5597
352,994002,2018/4/15,2,17,3,15488
353,993567,2018/4/16,1,11,1,3413
354,908307,2018/4/18,1,18,1,6500
355,994560,2018/4/18,1,13,4,11194
356,994582,2018/4/18,2,7,2,15054
357,994727,2018/4/18,1,14,2,5440
358,995305,2018/4/18,2,11,2,6240
359,983705,2018/4/19,1,20,1,2000
360,995450,2018/4/19,3,14,2,6400
361,876530,2018/4/20,3,11,3,11291
362,995885,2018/4/20,1,4,1,13650
363,628747,2018/4/21,2,5,4,16000
364,995740,2018/4/21,2,10,3,42267
365,889602,2018/4/22,1,13,1,2900
366,961230,2018/4/22,2,13,1,2538
367,968915,2018/4/22,2,7,2,15600
368,992115,2018/4/22,2,7,3,22581
369,996177,2018/4/22,2,6,2,11000
370,691800,2018/4/23,2,10,2,24820
371,755475,2018/4/24,1,10,4,58400
372,997315,2018/4/24,2,7,3,22581
373,997335,2018/4/24,2,11,1,3900
374,934840,2018/4/25,4,6,3,16500
375,998785,2018/4/25,2,2,3,49350
376,613645,2018/4/26,2,17,1,5163
377,959760,2018/4/26,1,11,4,15054
378,965872,2018/4/27,1,17,2,10325
379,999800,2018/4/27,2,13,2,5597
380,714565,2018/4/28,1,10,4,58400
381,824765,2018/4/28,3,12,2,7650
382,964277,2018/4/28,1,14,2,6176
383,854345,2018/4/29,2,19,2,3800
384,996177,2018/4/29,2,14,1,2720
385,1001542,2018/4/29,3,18,2,13000
386,655550,2018/4/30,3,14,1,2800
387,889602,2018/4/30,1,14,5,15440
388,937162,2018/4/30,1,1,3,59400
389,650062,2018/5/1,1,9,1,10880
390,1001955,2018/5/1,3,10,2,29200
391,1002555,2018/5/1,2,16,2,7140
392,958912,2018/5/2,2,8,2,17600
393,1002702,2018/5/2,2,13,5,13993
394,1002825,2018/5/2,2,9,1,12800
395,1002845,2018/5/2,1,10,2,28178
396,774160,2018/5/3,1,15,1,3860
397,1002245,2018/5/3,1,8,2,14960
398,1002990,2018/5/3,2,18,2,13000
399,879597,2018/5/4,3,1,2,39600
400,1003425,2018/5/5,1,14,3,9264
401,1004005,2018/5/5,1,18,1,6500
402,1004150,2018/5/5,1,12,3,13500
403,691675,2018/5/6,1,14,1,3088
404,721835,2018/5/6,1,15,3,10500
405,847820,2018/5/6,2,17,2,11800
406,1003425,2018/5/6,2,1,2,34650
407,1004297,2018/5/6,3,12,3,13028
408,1004585,2018/5/7,1,10,2,29200
409,1004295,2018/5/8,1,15,1,3860
410,1004420,2018/5/8,2,5,2,9264
411,1005290,2018/5/8,1,12,2,9000
412,848422,2018/5/9,2,1,1,19800
413,1004877,2018/5/9,1,13,2,5800
414,1005455,2018/5/9,1,6,5,25500
415,1005602,2018/5/9,1,15,2,7720
416,998785,2018/5/10,1,6,2,11000
417,1005000,2018/5/10,2,11,1,3413
418,1005457,2018/5/10,1,15,1,3400
419,1005725,2018/5/10,2,19,3,5700
420,802022,2018/5/11,2,13,2,5597
421,1005145,2018/5/11,1,1,1,19800
422,1005892,2018/5/11,2,19,5,8313
423,1006037,2018/5/12,1,13,2,5800
424,1006740,2018/5/12,1,14,1,2720
425,1006160,2018/5/13,1,14,1,3088
426,1005000,2018/5/14,2,6,1,4813
427,1006305,2018/5/14,1,14,1,3200
428,1007030,2018/5/14,1,20,2,3500
429,1001230,2018/5/15,3,12,1,4500
430,1006450,2018/5/15,2,18,3,18818
431,1007050,2018/5/15,1,18,1,5688
432,981365,2018/5/16,2,10,1,14600
433,1007175,2018/5/16,3,18,2,12545
434,1007340,2018/5/16,2,3,1,14800
435,771280,2018/5/17,2,10,2,29200
436,734575,2018/5/18,2,9,1,12800
437,931920,2018/5/18,3,12,4,18000
438,1004420,2018/5/18,2,14,2,5440
439,830587,2018/5/19,1,12,1,4343
440,913960,2018/5/19,2,9,3,37056
441,1007777,2018/5/19,1,9,2,21760
442,814905,2018/5/20,5,18,2,11375
443,874810,2018/5/20,1,11,5,19500
444,1008625,2018/5/20,2,13,2,5800
445,1008915,2018/5/20,1,11,3,10238
446,1008935,2018/5/20,1,18,2,11375
447,1004420,2018/5/21,1,19,2,3667
448,1009060,2018/5/21,1,11,1,3764
449,1009370,2018/5/22,3,15,2,8000
450,1009785,2018/5/22,1,13,1,2799
451,711665,2018/5/23,1,4,4,53040
452,1010242,2018/5/23,2,12,3,13028
453,871020,2018/5/24,2,10,4,58400
454,1004295,2018/5/24,3,13,3,8700
455,1011670,2018/5/24,2,16,1,3675
456,1013700,2018/5/24,1,18,3,19500
457,607430,2018/5/25,2,8,3,25476
458,609460,2018/5/25,2,15,2,7000
459,699070,2018/5/25,1,13,4,11194
460,909755,2018/5/25,2,17,5,29500
461,1007610,2018/5/25,1,10,4,56356
462,1013285,2018/5/25,2,10,2,28178
463,1015895,2018/5/25,1,15,5,19300
464,1018505,2018/5/25,1,8,4,28160
465,1018507,2018/5/25,1,3,2,29600
466,1019210,2018/5/25,1,20,1,1750
467,665700,2018/5/26,1,3,3,44400
468,699070,2018/5/26,3,16,3,12159
469,909755,2018/5/26,3,4,3,46800
470,942650,2018/5/26,1,20,1,1930
471,1010240,2018/5/26,2,11,2,6240
472,1018775,2018/5/26,1,1,1,19800
473,604385,2018/5/27,2,13,2,5075
474,818985,2018/5/27,2,6,2,9625
475,830565,2018/5/27,2,19,2,3667
476,840135,2018/5/27,2,16,2,7350
477,1010240,2018/5/27,2,14,3,8400
478,1018920,2018/5/27,1,11,2,6825
479,1018940,2018/5/27,3,10,1,14089
480,1019230,2018/5/27,1,11,5,18818
481,1019667,2018/5/27,2,14,2,5600
482,1019935,2018/5/27,2,1,3,59400
483,529710,2018/5/28,1,12,2,8685
484,855650,2018/5/28,2,3,5,62900
485,887715,2018/5/28,2,8,3,26400
486,940495,2018/5/28,2,19,1,1663
487,1020245,2018/5/28,2,7,2,15054
488,1020805,2018/5/28,2,10,2,25550
489,1020950,2018/5/28,1,9,3,37056
490,1021240,2018/5/29,4,15,3,11580
491,1021262,2018/5/29,2,8,3,26400
492,596847,2018/5/30,1,19,3,5700
493,1001685,2018/5/30,1,17,5,28468
494,801710,2018/5/31,1,14,2,6176
495,1019230,2018/5/31,1,2,2,32900
496,1021385,2018/5/31,2,8,3,23100
497,1022110,2018/6/1,2,12,2,7875
498,1022130,2018/6/1,3,8,1,8492
499,997315,2018/6/2,1,12,1,4343
500,1005725,2018/6/2,1,19,3,5700
501,1011090,2018/6/2,2,11,2,7527
502,982835,2018/6/5,1,10,3,42267
503,1022545,2018/6/5,1,7,1,6630
504,1022710,2018/6/5,3,13,3,8700
505,966430,2018/6/6,1,2,5,90710
506,1017927,2018/6/6,1,6,2,11000
507,1023437,2018/6/6,2,10,2,28178
508,855650,2018/6/7,1,13,2,4930
509,1023002,2018/6/7,1,5,1,4800
510,1024140,2018/6/8,1,19,3,5501
511,714565,2018/6/9,2,11,1,3764
512,908595,2018/6/9,1,1,2,38214
513,768650,2018/6/11,1,9,4,44800
514,1001230,2018/6/11,2,7,1,6825
515,1023870,2018/6/12,4,8,1,7040
516,1023995,2018/6/12,2,10,1,14089
517,1024017,2018/6/12,1,17,1,5694
518,1024597,2018/6/13,1,12,2,8685
519,883365,2018/6/14,1,18,2,10400
520,783172,2018/6/16,2,12,2,8685
521,959760,2018/6/16,1,7,1,7527
522,981365,2018/6/17,1,9,2,25600
523,1025880,2018/6/18,2,18,2,13000
524,1025900,2018/6/18,1,20,1,2000
525,860747,2018/6/19,1,9,2,25600
526,596847,2018/6/20,2,5,1,4800
527,838105,2018/6/20,3,9,1,11200
528,976020,2018/6/20,1,18,2,13000
529,1000380,2018/6/20,1,3,1,12580
530,1002700,2018/6/20,1,15,2,8000
531,1004420,2018/6/20,1,3,4,59200
532,1010220,2018/6/20,1,14,3,9600
533,1013865,2018/6/20,3,14,2,6400
534,1013867,2018/6/20,1,20,2,4000
535,1027330,2018/6/20,1,10,3,43800
536,633820,2018/6/21,1,2,1,18800
537,1025465,2018/6/21,1,9,3,37056
538,1027642,2018/6/21,2,8,4,33968
539,1000380,2018/6/22,2,5,1,4800
540,1014010,2018/6/22,2,12,2,9000
541,1026047,2018/6/22,3,14,3,9264
542,1027787,2018/6/22,2,10,1,12775
543,841895,2018/6/23,3,11,5,18818
544,877712,2018/6/23,1,11,5,19500
545,905965,2018/6/23,3,9,2,24704
546,1028055,2018/6/23,2,7,1,6630
547,1028075,2018/6/23,2,20,4,6400
548,1028780,2018/6/23,1,13,1,2538
549,600905,2018/6/24,1,10,1,14600
550,801710,2018/6/24,2,19,1,1900
551,803760,2018/6/24,1,7,2,15600
552,1024740,2018/6/24,2,7,3,23400
553,1028925,2018/6/24,2,14,2,6400
554,803760,2018/6/25,3,19,4,7334
555,942505,2018/6/25,3,18,2,13000
556,1028055,2018/6/26,1,20,1,2000
557,667315,2018/6/27,1,19,1,1834
558,861450,2018/6/27,1,2,1,18142
559,957752,2018/6/27,1,18,1,6273
560,1029380,2018/6/27,1,11,3,10238
561,1029940,2018/6/27,4,17,2,11800
562,1029962,2018/6/27,1,10,1,14600
563,718065,2018/6/28,1,15,1,3860
564,884940,2018/6/28,1,8,1,7480
565,924400,2018/6/28,1,3,2,29600
566,960050,2018/6/28,1,4,2,30108
567,1014592,2018/6/28,4,8,2,17600
568,1028220,2018/6/28,1,9,2,25600
569,1029235,2018/6/28,4,19,1,1834
570,1029380,2018/6/28,2,9,2,22400
571,692545,2018/6/29,2,14,2,6400
572,741700,2018/6/29,1,6,5,27500
573,991102,2018/6/29,2,18,2,11050
574,596992,2018/6/30,3,4,1,13260
575,639477,2018/6/30,2,2,2,37600
576,941367,2018/6/30,1,16,2,7140
577,960050,2018/6/30,2,2,1,18800
578,1021262,2018/6/30,1,14,1,3088
579,633385,2018/7/1,1,1,1,16830
580,848420,2018/7/1,1,11,2,7800
581,1030520,2018/7/1,3,18,5,32500
582,1030542,2018/7/1,1,12,3,10800
583,1030685,2018/7/1,1,9,2,24704
584,956882,2018/7/2,1,16,1,4053
585,1021262,2018/7/2,1,8,1,8492
586,999800,2018/7/3,4,15,4,13600
587,1030955,2018/7/3,2,9,2,25600
588,1032115,2018/7/3,1,16,3,12159
589,1032282,2018/7/3,1,8,3,23100
590,1001230,2018/7/4,1,11,1,3900
591,1030975,2018/7/4,3,12,3,13028
592,1031100,2018/7/4,1,10,1,14600
593,908307,2018/7/5,1,17,3,17700
594,1032840,2018/7/5,1,9,1,12352
595,1006305,2018/7/6,1,16,2,8106
596,1032840,2018/7/6,1,10,1,11680
597,1032985,2018/7/6,1,15,2,6800
598,1033130,2018/7/7,2,18,4,26000
599,993567,2018/7/8,1,13,1,2538
600,1033150,2018/7/8,1,11,4,12480
601,1033710,2018/7/8,3,8,3,23100
602,824207,2018/7/9,1,10,1,14089
603,1006037,2018/7/9,2,2,2,36284
604,1033295,2018/7/9,1,10,1,14089
605,741700,2018/7/10,2,3,2,28564
606,1033442,2018/7/10,1,7,3,18720
607,1034000,2018/7/10,1,8,2,14080
608,599290,2018/7/11,1,4,2,31200
609,671935,2018/7/11,2,12,4,17370
610,692545,2018/7/11,2,7,3,19890
611,941367,2018/7/11,1,17,3,15488
612,1000215,2018/7/11,2,16,4,16800
613,1032282,2018/7/11,2,13,1,2900
614,1035015,2018/7/12,2,13,1,2799
615,1035740,2018/7/12,1,16,2,8106
616,956280,2018/7/13,2,11,4,15600
617,1004420,2018/7/13,1,17,3,17081
618,1035762,2018/7/13,2,14,2,5600
619,650062,2018/7/14,3,17,3,15045
620,671935,2018/7/14,1,10,1,14600
621,999220,2018/7/14,3,12,1,4343
622,1016890,2018/7/14,1,13,1,2900
623,1022110,2018/7/14,2,15,1,3860
624,1026047,2018/7/14,2,11,5,17063
625,1035327,2018/7/14,2,9,2,20480
626,1035905,2018/7/14,1,19,4,7600
627,1036052,2018/7/14,2,10,4,51100
628,650062,2018/7/15,1,8,4,30800
629,801710,2018/7/15,1,18,5,31363
630,840880,2018/7/15,1,12,5,19688
631,1035615,2018/7/15,2,13,1,2320
632,1036197,2018/7/15,1,4,4,49920
633,1036340,2018/7/15,2,12,1,4500
634,608155,2018/7/16,1,4,2,30108
635,941780,2018/7/16,1,19,4,7334
636,961955,2018/7/16,1,15,3,12000
637,1036485,2018/7/16,1,14,2,5440
638,628747,2018/7/17,3,14,5,16000
639,762872,2018/7/17,3,15,5,20000
640,924400,2018/7/17,1,1,2,38214
641,932810,2018/7/17,1,19,4,7600
642,963552,2018/7/17,2,10,1,14089
643,1024740,2018/7/17,1,20,2,3860
644,1036775,2018/7/17,3,3,3,44400
645,667315,2018/7/18,1,16,3,11025
646,889747,2018/7/18,1,16,2,8106
647,966430,2018/7/18,1,15,2,8000
648,701225,2018/7/19,1,9,2,22400
649,1038060,2018/7/19,3,18,1,5688
650,1038805,2018/7/19,1,12,3,10800
651,668330,2018/7/20,2,4,4,60216
652,729520,2018/7/20,3,7,2,14000
653,1002390,2018/7/20,1,14,1,3200
654,1038785,2018/7/20,2,18,4,25090
655,1038950,2018/7/20,3,14,2,6176
656,739090,2018/7/21,1,13,3,8700
657,786775,2018/7/21,1,5,2,9264
658,800405,2018/7/21,1,17,1,5694
659,1035037,2018/7/21,3,19,3,5501
660,1038495,2018/7/21,1,12,1,4343
661,1038517,2018/7/21,2,12,4,17370
662,973535,2018/7/22,1,17,3,17700
663,1038227,2018/7/22,3,11,3,11700
664,868845,2018/7/23,1,16,1,4200
665,908307,2018/7/23,1,17,2,11800
666,992405,2018/7/24,1,10,3,35040
667,1026047,2018/7/24,1,12,1,4343
668,1035035,2018/7/24,2,16,3,11025
669,1040400,2018/7/24,1,19,1,1900
670,1040980,2018/7/24,2,11,2,6825
671,1040547,2018/7/25,1,15,1,3500
672,1011112,2018/7/26,2,11,3,10238
673,1040692,2018/7/26,2,18,4,20800
674,978195,2018/7/27,3,11,3,11700
675,1041417,2018/7/27,1,4,1,15054
676,1009662,2018/7/28,2,7,3,22581
677,1041850,2018/7/28,1,16,2,8400
678,680200,2018/7/29,1,12,1,4500
679,1007922,2018/7/29,3,12,2,7875
680,1041995,2018/7/29,1,12,2,8685
681,1042120,2018/7/30,1,12,3,13500
682,1043012,2018/7/30,3,20,2,3860
683,985135,2018/7/31,3,15,2,7000
684,1029670,2018/7/31,1,8,1,8800
685,959615,2018/8/2,3,5,2,7680
686,1042285,2018/8/2,2,10,3,38325
687,931920,2018/8/3,3,16,3,12159
688,1042140,2018/8/3,2,19,1,1834
689,773580,2018/8/4,1,2,1,16450
690,828680,2018/8/4,4,11,2,7527
691,889602,2018/8/4,2,10,4,56356
692,1040547,2018/8/4,2,9,4,51200
693,1022712,2018/8/5,3,3,3,44400
694,1044295,2018/8/5,1,14,1,3088
695,1044440,2018/8/5,1,17,3,15488
696,1046635,2018/8/6,2,15,4,16000
697,723142,2018/8/7,2,13,2,5075
698,627297,2018/8/8,4,17,1,5163
699,761690,2018/8/8,1,20,3,6000
700,1027040,2018/8/8,2,18,1,6273
701,1048232,2018/8/8,3,17,2,10325
702,1004150,2018/8/9,4,10,1,14600
703,1005020,2018/8/9,1,11,3,11291
704,1047775,2018/8/9,2,3,3,42846
705,981220,2018/8/10,1,20,3,6000
706,1048645,2018/8/10,3,2,2,36284
707,1048665,2018/8/10,2,10,2,29200
708,754027,2018/8/11,2,20,3,6000
709,907000,2018/8/11,2,2,1,18800
710,978195,2018/8/11,2,17,3,17081
711,999800,2018/8/11,1,14,1,3200
712,1047920,2018/8/11,2,15,1,4000
713,1048810,2018/8/11,2,11,3,11700
714,1049535,2018/8/11,2,20,2,3860
715,838105,2018/8/12,2,10,3,42267
716,1001230,2018/8/12,1,8,1,7700
717,1048935,2018/8/12,2,11,4,15054
718,958745,2018/8/13,3,13,4,11194
719,966430,2018/8/13,1,2,2,36284
720,996177,2018/8/13,1,4,1,13650
721,1049080,2018/8/13,2,1,3,50490
722,1049682,2018/8/13,1,11,2,6825
723,1050985,2018/8/13,4,19,5,8075
724,627297,2018/8/14,1,15,2,7720
725,804195,2018/8/14,1,11,3,9945
726,985135,2018/8/14,2,13,3,6960
727,1049225,2018/8/14,1,20,1,1750
728,1049392,2018/8/15,1,9,2,22400
729,1051255,2018/8/15,2,7,3,19890
730,1051690,2018/8/15,2,7,4,31200
731,681670,2018/8/16,1,7,3,19890
732,941367,2018/8/16,3,10,3,35040
733,966430,2018/8/16,3,6,2,10615
734,1051420,2018/8/16,2,8,1,7480
735,1051712,2018/8/16,3,13,5,12325
736,1051855,2018/8/16,1,2,5,90710
737,1051857,2018/8/16,2,14,1,3200
738,677590,2018/8/17,2,2,3,54426
739,868845,2018/8/17,2,8,4,33968
740,944412,2018/8/17,3,14,1,2800
741,953982,2018/8/17,2,4,4,62400
742,1052000,2018/8/17,1,8,3,26400
743,1052002,2018/8/17,1,15,1,3500
744,1052145,2018/8/17,1,8,1,8800
745,1052147,2018/8/17,2,14,4,12352
746,1053160,2018/8/17,2,7,2,15054
747,985135,2018/8/18,4,11,1,3764
748,1052290,2018/8/18,1,4,4,60216
749,1052292,2018/8/18,1,11,3,11291
750,1053285,2018/8/18,4,15,1,3860
751,1053307,2018/8/18,1,20,3,5790
752,732980,2018/8/20,2,19,2,3667
753,1029670,2018/8/20,1,12,3,11813
754,1054757,2018/8/20,2,11,4,13650
755,961955,2018/8/21,1,13,1,2799
756,1054030,2018/8/21,1,15,4,15440
757,1054755,2018/8/21,1,19,1,1663
758,1054902,2018/8/21,2,17,1,5900
759,497520,2018/8/22,3,13,2,4640
760,1055025,2018/8/22,1,10,3,35040
761,1055335,2018/8/22,2,19,3,5501
762,497520,2018/8/23,1,11,1,3315
763,1015317,2018/8/23,3,10,1,12410
764,1055047,2018/8/23,2,4,1,15054
765,1055482,2018/8/23,3,20,1,1930
766,898012,2018/8/24,2,9,3,37056
767,1004877,2018/8/24,1,5,1,4200
768,1055190,2018/8/24,2,11,3,11700
769,1055625,2018/8/24,4,8,1,8492
770,1055627,2018/8/24,2,7,2,15054
771,714565,2018/8/25,2,19,5,9500
772,1055750,2018/8/25,2,13,1,2799
773,1056062,2018/8/25,1,8,3,23100
774,1055770,2018/8/26,1,2,1,18800
775,1056352,2018/8/26,2,9,4,51200
776,828680,2018/8/28,1,7,3,22581
777,1051712,2018/8/28,1,15,1,3400
778,1056495,2018/8/28,1,8,2,16984
779,856375,2018/8/29,3,6,4,22000
780,1049225,2018/8/29,3,8,3,26400
781,1056642,2018/8/29,2,11,1,3764
782,874665,2018/8/30,2,8,3,26400
783,908307,2018/8/30,3,9,3,38400
784,1055625,2018/8/30,1,20,1,1930
785,1058962,2018/8/30,3,16,4,16212
786,1055625,2018/8/31,1,11,1,3900
787,1058505,2018/8/31,1,15,1,3860
788,1058527,2018/8/31,3,7,2,15600
789,1058670,2018/8/31,1,8,3,26400
790,1058817,2018/8/31,2,9,1,10880
791,1059085,2018/8/31,2,17,1,5163
792,1059105,2018/8/31,2,17,2,11800
793,1059395,2018/8/31,2,9,5,54400
794,1059685,2018/8/31,1,10,3,42267
795,1059810,2018/8/31,4,10,3,43800
796,1059832,2018/8/31,2,8,3,25476
797,1059955,2018/8/31,1,14,1,2720
798,1060702,2018/8/31,3,5,1,4800
799,1049515,2018/9/1,1,18,3,17063
800,1060100,2018/9/1,2,13,2,5075
801,1060120,2018/9/1,2,14,2,6176
802,1060990,2018/9/1,3,12,3,13028
803,1061135,2018/9/1,1,16,1,4053
804,1061282,2018/9/1,2,11,2,6630
805,1061840,2018/9/1,1,17,1,5694
806,1061862,2018/9/1,1,19,3,5501
807,1040547,2018/9/2,2,10,3,43800
808,1060100,2018/9/2,2,11,3,10238
809,1060410,2018/9/2,2,16,1,3675
810,1061570,2018/9/2,2,9,1,12352
811,1063435,2018/9/2,1,12,2,8685
812,1063602,2018/9/2,2,6,3,14438
813,1004877,2018/9/3,1,12,2,8685
814,1060970,2018/9/3,1,5,1,4800
815,1061425,2018/9/3,4,13,1,2799
816,1063725,2018/9/3,1,20,2,4000
817,1063870,2018/9/3,2,12,2,9000
818,1063890,2018/9/3,1,4,3,40950
819,652505,2018/9/4,1,19,4,6650
820,1064182,2018/9/4,3,8,3,26400
821,1064305,2018/9/4,2,18,2,12545
822,1064740,2018/9/4,1,12,1,4343
823,1064762,2018/9/4,2,18,1,6500
824,1004420,2018/9/5,2,18,2,11375
825,1064472,2018/9/5,1,20,1,1930
826,1064885,2018/9/5,1,10,3,43800
827,1064905,2018/9/5,2,8,4,30800
828,1064907,2018/9/5,2,10,1,14089
829,1064615,2018/9/6,3,10,3,38325
830,1066210,2018/9/6,2,7,1,6825
831,1066212,2018/9/6,1,20,1,1600
832,782570,2018/9/7,1,1,4,76428
833,968482,2018/9/7,2,15,4,16000
834,1067060,2018/9/7,1,9,2,21760
835,1067082,2018/9/7,2,14,2,6400
836,1058940,2018/9/8,1,17,1,5900
837,1064615,2018/9/8,2,15,5,17500
838,1067060,2018/9/8,1,13,1,2465
839,1067662,2018/9/8,1,11,3,10238
840,1067805,2018/9/8,2,9,2,25600
841,1067807,2018/9/8,1,9,1,12352
842,830440,2018/9/9,2,1,2,33660
843,1066502,2018/9/9,2,20,4,7000
844,1067495,2018/9/9,1,17,2,11800
845,1068075,2018/9/9,1,10,3,43800
846,931920,2018/9/10,2,19,4,7600
847,1068220,2018/9/10,1,14,1,3200
848,1068242,2018/9/10,4,17,2,11800
849,1068387,2018/9/10,1,4,1,15600
850,1069980,2018/9/12,1,9,2,22400
851,1057655,2018/9/13,2,11,2,7527
852,1067660,2018/9/13,4,19,1,1834
853,1070562,2018/9/14,2,9,2,25600
854,719805,2018/9/15,3,1,2,39600
855,1060970,2018/9/15,3,13,3,8396
856,1070850,2018/9/15,3,11,3,9945
857,1070852,2018/9/15,1,8,1,8492
858,1071265,2018/9/15,1,16,3,11025
859,1071287,2018/9/15,1,9,3,37056
860,1007195,2018/9/16,1,10,1,14600
861,1035327,2018/9/16,4,15,2,8000
862,1060265,2018/9/16,2,2,1,18800
863,1071555,2018/9/16,1,9,1,12352
864,766205,2018/9/17,3,16,3,12600
865,817827,2018/9/17,1,20,1,2000
866,1007195,2018/9/17,3,11,2,6825
867,1071287,2018/9/17,2,13,1,2900
868,698202,2018/9/18,1,12,3,13028
869,833755,2018/9/18,2,14,3,9600
870,1055482,2018/9/18,2,16,2,8400
871,1052002,2018/9/19,1,17,1,5163
872,1072445,2018/9/19,2,18,4,25090
873,1072447,2018/9/19,1,11,4,15600
874,1072882,2018/9/19,1,11,1,3900
875,738345,2018/9/20,1,4,1,15600
876,982835,2018/9/20,2,18,3,17063
877,985135,2018/9/20,2,9,1,12800
878,991805,2018/9/20,4,10,1,14600
879,1016890,2018/9/20,2,8,1,8492
880,1058670,2018/9/20,1,10,2,28178
881,1071577,2018/9/20,1,10,1,12775
882,821452,2018/9/21,2,5,3,12600
883,888005,2018/9/21,1,10,3,42267
884,908160,2018/9/21,1,20,5,8750
885,950357,2018/9/21,1,17,2,11387
886,965995,2018/9/21,1,9,3,33600
887,985135,2018/9/21,4,12,2,8685
888,996010,2018/9/21,1,20,1,1930
889,1002825,2018/9/21,1,14,3,6720
890,1006037,2018/9/21,1,19,1,1834
891,1007610,2018/9/21,1,15,2,8000
892,1023995,2018/9/21,1,16,1,4053
893,1052292,2018/9/21,1,11,2,7527
894,1061715,2018/9/21,1,16,1,4200
895,1071845,2018/9/21,1,15,2,8000
896,1073170,2018/9/21,3,12,2,9000
897,1073172,2018/9/21,3,9,3,37056
898,1073460,2018/9/21,2,13,1,2900
899,1073605,2018/9/21,2,16,3,11025
900,857535,2018/9/22,1,18,2,11050
901,1025465,2018/9/22,2,17,1,5694
902,1073170,2018/9/22,1,7,3,19890
903,1073315,2018/9/22,1,8,2,15400
904,1074187,2018/9/22,1,16,2,7140
905,1073895,2018/9/23,3,19,3,4988
906,686892,2018/9/24,3,4,1,15600
907,1055625,2018/9/24,2,19,1,1900
908,1059977,2018/9/24,1,8,1,8800
909,1074040,2018/9/24,4,15,2,7000
910,1074042,2018/9/24,2,13,1,2900
911,1074020,2018/9/25,2,9,2,25600
912,1074600,2018/9/25,1,19,4,7600
913,1074890,2018/9/25,2,17,2,11387
914,1074912,2018/9/25,1,8,4,28160
915,1074455,2018/9/26,2,14,2,6400
916,1074622,2018/9/26,2,13,4,11194
917,660190,2018/9/27,2,16,2,8400
918,1075035,2018/9/27,1,13,2,5075
919,1075180,2018/9/27,3,16,5,21000
920,1075202,2018/9/27,3,3,3,44400
921,600740,2018/9/29,1,8,1,7700
922,1075905,2018/9/30,3,18,1,6273
923,1076072,2018/10/1,2,18,4,26000
924,711665,2018/10/3,1,12,1,4343
925,1033295,2018/10/3,3,12,2,7200
926,1069960,2018/10/3,1,4,3,46800
927,614535,2018/10/4,2,15,3,11580
928,1077210,2018/10/4,3,14,2,6400
929,675435,2018/10/5,1,12,3,13028
930,761690,2018/10/5,2,13,1,2465
931,1077210,2018/10/5,1,19,1,1663
932,966162,2018/10/6,2,19,2,3667
933,1077810,2018/10/6,2,5,4,16800
934,1077812,2018/10/6,2,10,3,42267
935,1078537,2018/10/7,2,8,2,14960
936,701225,2018/10/8,1,17,1,5900
937,1025467,2018/10/8,4,13,3,8396
938,1078805,2018/10/8,1,8,2,16984
939,1078825,2018/10/8,1,9,1,12800
940,1077210,2018/10/9,1,15,1,3860
941,1078970,2018/10/10,1,16,2,8106
942,828680,2018/10/11,4,15,3,11580
943,995305,2018/10/11,1,19,3,4988
944,1079095,2018/10/11,1,9,2,25600
945,1079115,2018/10/11,2,19,1,1834
946,761690,2018/10/12,3,17,2,11387
947,955142,2018/10/12,1,13,2,5597
948,1036052,2018/10/12,2,17,2,11800
949,1079240,2018/10/12,2,6,3,15923
950,1079985,2018/10/12,2,11,3,9945
951,1051255,2018/10/13,2,10,1,14089
952,1080110,2018/10/13,2,3,3,42846
953,1080132,2018/10/13,2,15,1,4000
954,1079530,2018/10/14,3,20,2,4000
955,1079550,2018/10/14,1,14,1,3200
956,1080277,2018/10/14,3,17,2,11800
957,900020,2018/10/15,2,13,5,14500
958,990957,2018/10/15,1,11,1,3764
959,1004150,2018/10/15,1,9,2,25600
960,1015317,2018/10/15,2,11,1,3900
961,1016890,2018/10/15,2,9,1,12352
962,1074912,2018/10/15,2,12,1,4500
963,1079697,2018/10/15,2,15,4,16000
964,1080422,2018/10/15,2,11,3,11700
965,1080712,2018/10/15,2,11,4,13260
966,927445,2018/10/16,2,3,1,14800
967,1052292,2018/10/16,2,16,2,8400
968,1064160,2018/10/16,2,17,1,5694
969,1081582,2018/10/16,2,8,3,26400
970,829550,2018/10/17,3,18,2,13000
971,1075905,2018/10/17,3,9,3,38400
972,1081727,2018/10/17,1,20,1,1930
973,1082162,2018/10/17,1,18,3,17063
974,1082305,2018/10/17,2,20,2,3200
975,997315,2018/10/18,3,7,3,23400
976,1081850,2018/10/18,3,8,3,25476
977,1081872,2018/10/18,1,10,2,28178
978,1082450,2018/10/18,1,10,2,28178
979,937162,2018/10/19,1,1,3,57321
980,1004420,2018/10/19,1,3,3,44400
981,1028945,2018/10/19,1,17,2,10325
982,1079095,2018/10/19,1,12,3,13500
983,597427,2018/10/20,3,17,1,5694
984,1040980,2018/10/20,1,8,2,14960
985,1082740,2018/10/20,4,19,5,9500
986,1082742,2018/10/20,2,7,3,22581
987,1083010,2018/10/20,2,11,1,3900
988,1083155,2018/10/20,3,13,5,12688
989,1083175,2018/10/20,1,15,1,4000
990,1083177,2018/10/20,1,2,5,90710
991,1083612,2018/10/20,1,8,3,23100
992,611760,2018/10/21,4,5,2,9600
993,931920,2018/10/21,2,4,2,30108
994,983705,2018/10/21,2,8,1,8492
995,992842,2018/10/21,1,1,5,99000
996,1083320,2018/10/21,2,14,1,3088
997,704850,2018/10/22,1,9,1,12352
998,908307,2018/10/22,1,20,1,1930
999,931920,2018/10/22,3,11,2,7800
1000,950065,2018/10/22,2,2,5,94000
1001,1064160,2018/10/23,4,13,3,7395
1002,1084170,2018/10/23,1,15,1,3500
1003,650062,2018/10/24,1,11,3,11291
1004,1083010,2018/10/24,2,8,1,8800
1005,1084482,2018/10/24,1,17,1,5163
1006,1085040,2018/10/24,2,6,4,19250
1007,997315,2018/10/25,1,13,3,8396
1008,1084625,2018/10/25,1,15,1,4000
1009,1087237,2018/10/25,1,5,4,18528
1010,628747,2018/10/26,1,8,3,23100
1011,650062,2018/10/26,3,13,1,2900
1012,945427,2018/10/26,2,18,5,32500
1013,1078245,2018/10/26,2,18,4,25090
1014,1086510,2018/10/26,2,16,2,8400
1015,761690,2018/10/27,3,17,2,10325
1016,1087650,2018/10/27,2,13,2,5800
1017,868845,2018/10/28,3,20,2,4000
1018,1079550,2018/10/28,1,17,3,17081
1019,1087962,2018/10/28,1,9,3,38400
1020,1085040,2018/10/29,1,4,4,62400
1021,584500,2018/10/30,1,13,1,2799
1022,1004150,2018/10/30,1,13,2,5075
1023,1088105,2018/10/30,1,18,3,17063
1024,1088107,2018/10/30,2,7,2,13650
1025,1088685,2018/10/30,1,20,3,5250
1026,799412,2018/10/31,1,10,1,14600
1027,952530,2018/10/31,1,15,1,3860
1028,1021262,2018/10/31,2,13,2,5597
1029,1054880,2018/10/31,2,16,4,14700
1030,1064160,2018/10/31,1,11,2,7527
1031,1089410,2018/10/31,1,19,1,1900
1032,1089412,2018/10/31,2,11,4,13650
1033,863625,2018/11/1,3,5,1,4800
1034,1001230,2018/11/1,2,15,1,4000
1035,1076195,2018/11/1,1,14,3,9264
1036,1089122,2018/11/1,1,15,4,15440
1037,529710,2018/11/2,3,8,3,26400
1038,620750,2018/11/2,2,11,2,7527
1039,699070,2018/11/2,2,4,2,31200
1040,885665,2018/11/2,4,20,1,1400
1041,939772,2018/11/2,3,16,2,8400
1042,1025467,2018/11/2,1,9,2,21760
1043,1089845,2018/11/2,2,16,4,14700
1044,1089970,2018/11/2,2,17,1,5694
1045,1090695,2018/11/2,1,12,3,11813
1046,1090860,2018/11/2,2,8,1,7480
1047,497520,2018/11/3,1,14,1,3088
1048,831290,2018/11/3,2,14,4,12800
1049,1091710,2018/11/3,2,11,3,11700
1050,1092290,2018/11/3,4,8,1,8800
1051,1092455,2018/11/3,1,20,1,1750
1052,818985,2018/11/4,3,7,2,13260
1053,908720,2018/11/4,1,10,2,25550
1054,941780,2018/11/4,2,14,4,10240
1055,1025467,2018/11/4,3,8,3,26400
1056,1092145,2018/11/4,2,19,3,5700
1057,1092167,2018/11/4,3,20,1,1930
1058,1093907,2018/11/4,1,4,3,46800
1059,584500,2018/11/5,1,16,1,4200
1060,883657,2018/11/5,2,2,1,18142
1061,995305,2018/11/5,2,17,2,11800
1062,1088230,2018/11/5,4,15,1,3500
1063,1093450,2018/11/5,2,19,1,1834
1064,1093470,2018/11/5,2,3,2,28564
1065,1093472,2018/11/5,2,13,1,2799
1066,1093617,2018/11/5,1,13,1,2538
1067,987890,2018/11/6,2,19,1,1834
1068,1092167,2018/11/6,2,16,2,7350
1069,1095210,2018/11/6,1,15,2,8000
1070,995305,2018/11/7,1,9,3,38400
1071,1093180,2018/11/7,1,11,1,3413
1072,1095500,2018/11/7,2,11,1,3764
1073,1095915,2018/11/7,1,15,1,4000
1074,1096060,2018/11/7,3,11,2,7527
1075,1096080,2018/11/7,1,5,3,14400
1076,992530,2018/11/8,2,9,2,25600
1077,1096225,2018/11/8,1,11,2,7527
1078,1069835,2018/11/9,3,18,5,31363
1079,1096785,2018/11/9,1,17,1,5015
1080,946587,2018/11/10,1,15,2,7000
1081,1093907,2018/11/10,2,3,4,51800
1082,1096515,2018/11/10,2,12,1,4500
1083,1052292,2018/11/11,1,4,4,60216
1084,1097532,2018/11/11,1,18,3,19500
1085,1036485,2018/11/12,3,16,5,20265
1086,1097240,2018/11/12,2,17,2,11800
1087,1097677,2018/11/12,2,17,2,11387
1088,584500,2018/11/13,2,11,3,10238
1089,1097220,2018/11/13,3,16,4,14700
1090,1097820,2018/11/13,2,7,1,7527
1091,1098110,2018/11/13,2,10,1,14600
1092,712702,2018/11/14,1,20,2,3860
1093,876530,2018/11/14,1,15,4,16000
1094,1097945,2018/11/14,1,8,1,7480
1095,1097965,2018/11/14,1,11,2,7800
1096,1098257,2018/11/14,3,14,1,3088
1097,814905,2018/11/15,2,3,1,12950
1098,786775,2018/11/16,1,13,3,8700
1099,968915,2018/11/16,1,13,2,5800
1100,1099127,2018/11/16,1,8,2,15400
1101,751395,2018/11/17,2,2,1,18142
1102,829282,2018/11/17,2,14,3,9264
1103,995305,2018/11/17,2,12,1,3825
1104,1000525,2018/11/17,2,13,2,5800
1105,984575,2018/11/18,1,10,2,24820
1106,972375,2018/11/19,3,11,1,3315
1107,1100990,2018/11/19,1,1,2,34650
1108,1100720,2018/11/20,1,11,5,16575
1109,1100845,2018/11/20,2,9,3,37056
1110,813332,2018/11/21,2,16,1,4053
1111,1080277,2018/11/21,3,10,2,24820
1112,1101157,2018/11/21,1,9,1,11200
1113,1101300,2018/11/22,3,12,5,21713
1114,972375,2018/11/23,1,5,3,14400
1115,1052292,2018/11/23,2,13,2,5800
1116,1101590,2018/11/23,1,9,3,37056
1117,1101592,2018/11/23,1,13,4,10150
1118,1102750,2018/11/23,1,10,1,14600
1119,668477,2018/11/24,4,11,2,7800
1120,762725,2018/11/25,2,3,1,12950
1121,1098837,2018/11/25,2,7,5,39000
1122,1103042,2018/11/25,1,18,1,6273
1123,1104035,2018/11/25,4,12,3,11475
1124,828680,2018/11/26,2,7,2,13650
1125,968895,2018/11/26,2,20,1,1930
1126,1103455,2018/11/26,3,16,3,12600
1127,1104180,2018/11/26,1,11,1,3764
1128,1104202,2018/11/26,2,13,4,9280
1129,821430,2018/11/27,2,17,3,17081
1130,963552,2018/11/27,1,8,3,25476
1131,1097240,2018/11/27,2,11,5,19500
1132,1099417,2018/11/27,3,8,4,35200
1133,1104615,2018/11/27,3,20,2,3500
1134,760385,2018/11/28,4,19,2,3800
1135,827542,2018/11/28,1,17,1,5163
1136,953837,2018/11/28,2,14,1,3200
1137,1104635,2018/11/28,1,16,1,4053
1138,599455,2018/11/29,1,10,1,14089
1139,645545,2018/11/29,2,20,1,1930
1140,738345,2018/11/29,1,4,3,46800
1141,975130,2018/11/29,2,7,4,26520
1142,1099417,2018/11/29,1,18,2,12545
1143,1105505,2018/11/29,2,6,4,22000
1144,606705,2018/11/30,3,10,3,38325
1145,762872,2018/11/30,1,10,2,29200
1146,972375,2018/11/30,3,5,1,4200
1147,1004420,2018/11/30,2,20,1,2000
1148,1010242,2018/11/30,2,3,1,12950
1149,1052292,2018/11/30,1,13,3,7613
1150,1105195,2018/11/30,2,9,2,21760
1151,1106065,2018/11/30,1,13,1,2465
1152,650932,2018/12/1,1,1,4,69300
1153,715725,2018/12/1,2,8,3,25476
1154,1106210,2018/12/1,2,18,5,31363
1155,1106232,2018/12/1,3,10,1,12775
1156,1106355,2018/12/1,2,19,3,5700
1157,1106935,2018/12/1,3,15,3,12000
1158,801710,2018/12/2,1,13,2,5075
1159,966430,2018/12/2,1,11,4,15054
1160,1101300,2018/12/2,3,10,1,14089
1161,1106232,2018/12/2,2,11,1,3413
1162,1107080,2018/12/2,1,15,4,16000
1163,1107100,2018/12/2,2,15,2,7000
1164,1107247,2018/12/2,1,11,5,17063
1165,738345,2018/12/3,1,3,2,28564
1166,968895,2018/12/3,2,17,2,11387
1167,1085040,2018/12/3,1,11,3,11291
1168,1106232,2018/12/3,2,8,3,23100
1169,1107390,2018/12/3,3,1,2,38214
1170,1107515,2018/12/3,2,10,3,38325
1171,963695,2018/12/4,1,17,2,10325
1172,987890,2018/12/4,1,2,1,18800
1173,1046635,2018/12/4,2,11,3,11700
1174,1107660,2018/12/4,1,18,2,11375
1175,1108260,2018/12/4,1,8,2,16984
1176,842185,2018/12/5,1,15,5,19300
1177,1106232,2018/12/5,1,12,5,19125
1178,1108407,2018/12/5,1,8,1,8800
1179,1085040,2018/12/6,1,11,2,7527
1180,1107970,2018/12/6,2,14,2,6176
1181,1107972,2018/12/6,1,7,1,7527
1182,1108820,2018/12/6,4,20,1,2000
1183,635250,2018/12/7,3,3,1,14800
1184,738345,2018/12/7,2,19,2,3800
1185,747645,2018/12/7,1,18,2,13000
1186,764155,2018/12/7,2,20,4,7000
1187,830440,2018/12/7,1,13,3,8700
1188,834770,2018/12/7,1,15,3,10500
1189,863625,2018/12/7,1,4,4,60216
1190,987890,2018/12/7,2,3,1,14800
1191,1098692,2018/12/7,2,19,2,3230
1192,1108115,2018/12/7,1,3,1,14282
1193,1108842,2018/12/7,1,12,2,8685
1194,715725,2018/12/8,2,10,2,28178
1195,969060,2018/12/8,2,19,3,5700
1196,1008190,2018/12/8,1,17,2,10030
1197,863625,2018/12/9,2,17,1,5694
1198,1075905,2018/12/9,1,12,1,4343
1199,1109567,2018/12/9,2,1,3,57321
1200,1110292,2018/12/9,1,7,1,6825
1201,844050,2018/12/10,1,13,1,2465
1202,968895,2018/12/10,4,4,4,62400
1203,1110437,2018/12/10,1,1,5,99000
1204,1111140,2018/12/10,2,9,3,33600
1205,1111162,2018/12/10,2,13,5,12688
1206,1075905,2018/12/11,2,12,4,18000
1207,1101590,2018/12/11,3,8,1,7700
1208,1107825,2018/12/11,2,10,1,14600
1209,1110437,2018/12/11,2,1,4,76428
1210,1110872,2018/12/11,1,16,2,6720
1211,1111430,2018/12/11,1,19,5,8075
1212,833630,2018/12/12,2,16,3,11025
1213,1000215,2018/12/12,1,10,4,56356
1214,1105505,2018/12/12,2,17,2,11387
1215,1111017,2018/12/12,1,5,2,8160
1216,1111740,2018/12/12,3,9,2,24704
1217,1111742,2018/12/12,2,2,1,18800
1218,755475,2018/12/13,1,10,2,29200
1219,964132,2018/12/13,2,12,1,3825
1220,1097220,2018/12/13,2,17,1,5163
1221,1110125,2018/12/13,1,10,3,38325
1222,1111017,2018/12/13,3,6,1,4675
1223,1112300,2018/12/13,1,9,2,24704
1224,1112320,2018/12/13,2,18,2,13000
1225,1112735,2018/12/13,2,14,2,6176
1226,1112757,2018/12/13,2,2,2,37600
1227,762725,2018/12/14,2,2,2,36284
1228,1112465,2018/12/14,2,3,2,25900
1229,1112902,2018/12/14,1,20,5,9650
1230,950357,2018/12/15,1,10,1,14600
1231,956280,2018/12/15,1,10,2,29200
1232,968895,2018/12/15,3,15,2,5600
1233,1113335,2018/12/15,3,10,5,73000
1234,1113337,2018/12/15,1,18,1,6500
1235,1114040,2018/12/15,3,9,3,32640
1236,707025,2018/12/16,3,16,3,11025
1237,784890,2018/12/16,2,15,2,8000
1238,1113480,2018/12/16,1,17,3,17700
1239,1113625,2018/12/16,1,17,2,11387
1240,1114207,2018/12/16,1,20,1,1700
1241,1083010,2018/12/17,2,7,4,31200
1242,1114787,2018/12/18,1,13,2,5800
1243,1115490,2018/12/18,3,10,3,42267
1244,724302,2018/12/19,3,3,2,28564
1245,886245,2018/12/19,1,12,2,9000
1246,932935,2018/12/19,4,7,3,20475
1247,961955,2018/12/19,2,6,2,9625
1248,1115780,2018/12/19,4,12,3,13028
1249,827375,2018/12/20,1,6,2,10615
1250,1029670,2018/12/20,1,10,1,14089
1251,1115367,2018/12/20,2,17,5,25813
1252,1115947,2018/12/20,2,9,3,38400
1253,959345,2018/12/21,1,14,2,6400
1254,1022110,2018/12/21,2,16,1,4200
1255,1114620,2018/12/21,1,11,2,7800
1256,697745,2018/12/22,2,17,3,17700
1257,1116940,2018/12/22,3,16,4,16212
1258,1116960,2018/12/22,2,17,1,5694
1259,1116817,2018/12/23,1,17,1,5900
1260,1117085,2018/12/23,2,17,2,10325
1261,1024740,2018/12/24,2,12,2,7875
1262,1052292,2018/12/24,1,18,3,19500
1263,1095502,2018/12/24,2,13,2,4930
1264,1117665,2018/12/24,2,15,5,20000
1265,1101592,2018/12/25,2,17,1,5163
1266,1117832,2018/12/25,1,18,3,17063
1267,968895,2018/12/26,3,5,2,9600
1268,1002120,2018/12/26,2,14,1,2800
1269,1117977,2018/12/27,2,17,2,11800
1270,1118390,2018/12/27,2,15,2,8000
1271,597137,2018/12/28,2,18,1,6273
1272,496070,2018/12/29,1,2,2,36284
1273,677612,2018/12/29,1,12,1,3825
1274,698782,2018/12/29,2,11,1,3413
1275,715725,2018/12/29,1,10,3,42267
1276,971235,2018/12/29,1,1,5,95535
1277,1080400,2018/12/29,2,10,2,28178
1278,1118245,2018/12/29,2,7,1,6825
1279,1019667,2018/12/30,2,12,3,13500
1280,840135,2018/12/31,1,11,2,7527
1281,873505,2018/12/31,2,7,1,7527
1282,1118265,2018/12/31,1,15,4,16000
